agencia;municipio;geocodigo;situacao;tipo;num_estab;total_dias;deslocamento_fluvial_km;percurso_fluvial_km;deslocamento_terrestre_km;percurso_terrestre_km;total fluvial;total terrestre;total geral;percurso total;deslocamento total;modal
Tefé;Alvarães;130002905000001;1;0;0;0;0;0;0;0;0;0;0;0;0;TERRESTRE
Tefé;Alvarães;130002905000003;1;0;0;0;0;0;0;0;0;0;0;0;0;TERRESTRE
Tefé;Alvarães;130002905000005;8;4;0;0;0;0;0;0;0;0;0;0;0;TERRESTRE
Tefé;Alvarães;130002905000008;8;0;3;1;6,21;1,84;0;0,89;8,05;0,89;8,94;2,73;6,21;MISTO
Tefé;Alvarães;130002905000010;8;0;45;11;9,8;15,51;0;1,31;25,31;1,31;26,62;16,82;9,8;MISTO
Tefé;Alvarães;130002905000011;5;0;43;11;0;0;12,72;4,43;0;17,15;17,15;4,43;12,72;TERRESTRE
Tefé;Alvarães;130002905000013;8;0;72;18;35,9;49,54;13,75;4,8;85,43;18,55;103,98;54,34;49,64;MISTO
Tefé;Alvarães;130002905000014;8;0;15;4;116,82;8,64;13,75;0,81;125,46;14,56;140,02;9,45;130,57;MISTO
Tefé;Alvarães;130002905000015;8;0;2;1;101,1;11,06;13,74;0,26;112,15;14;126,16;11,32;114,84;MISTO
Tefé;Alvarães;130002905000016;8;0;78;20;33,42;75,61;13,73;6,46;109,03;20,19;129,22;82,07;47,15;MISTO
Tefé;Alvarães;130002905000017;8;4;2;1;0;0;0;0;0;0;0;0;0;TERRESTRE
Tefé;Alvarães;130002905000018;8;0;36;9;44,25;69,39;13,73;4,86;113,64;18,58;132,22;74,24;57,98;MISTO
Tefé;Alvarães;130002905000020;1;0;0;0;0;0;0;0;0;0;0;0;0;TERRESTRE
Tefé;Alvarães;130002905000021;1;0;0;0;0;0;0;0;0;0;0;0;0;TERRESTRE
Tefé;Alvarães;130002905000022;1;0;0;0;0;0;0;0;0;0;0;0;0;TERRESTRE
Tefé;Alvarães;130002905000023;1;0;0;0;0;0;0;0;0;0;0;0;0;TERRESTRE
Tefé;Alvarães;130002905000024;1;0;0;0;0;0;0;0;0;0;0;0;0;TERRESTRE
Tefé;Alvarães;130002905000025;8;0;38;10;90,22;28,24;13,73;2,13;118,46;15,87;134,33;30,38;103,95;MISTO
Tefé;Alvarães;130002905000026;5;5;42;11;4,69;0;0;2,54;4,69;2,54;7,23;2,54;4,69;MISTO
Tefé;Alvarães;130002905000027;8;4;2;1;0;0;0;0;0;0;0;0;0;TERRESTRE
Tefé;Alvarães;130002905000029;8;5;8;2;10,56;0;0;0,62;10,56;0,62;11,18;0,62;10,56;MISTO
Tefé;Alvarães;130002905000030;8;5;6;2;7,36;0;0;0,45;7,36;0,45;7,81;0,45;7,36;MISTO
Tefé;Alvarães;130002905000031;8;5;2;1;6,96;0;0;0,54;6,96;0,54;7,5;0,54;6,96;MISTO
Tefé;Alvarães;130002905000032;8;5;27;7;16;0;0;1,06;16;1,06;17,06;1,06;16;MISTO
Tefé;Alvarães;130002905000033;8;5;46;12;4,89;0,1;0;3,81;4,99;3,81;8,8;3,91;4,89;MISTO
Tefé;Alvarães;130002905000034;8;5;13;3;35,05;0;13,7;0,78;35,05;14,48;49,54;0,78;48,76;MISTO
Tefé;Alvarães;130002905000035;8;5;5;1;10,14;0;0;0,45;10,14;0,45;10,59;0,45;10,14;MISTO
Tefé;Alvarães;130002905000037;5;0;44;11;97,26;0,07;13,66;0,81;97,33;14,47;111,8;0,88;110,92;MISTO
Tefé;Alvarães;130002905000039;8;0;2;1;8,36;8,47;0;0,33;16,83;0,33;17,16;8,8;8,36;MISTO
Tefé;Alvarães;130002905000040;1;0;0;0;0;0;0;0;0;0;0;0;0;TERRESTRE
Tefé;Alvarães;130002905000042;5;5;2;1;0;0,98;0;0,9;0,98;0,9;1,88;1,88;0;MISTO
Tefé;Alvarães;130002905000043;8;0;2;1;1,33;5,62;0;0,17;6,95;0,17;7,11;5,79;1,33;MISTO
Tefé;Alvarães;130002905000044;5;0;12;3;2,37;0,21;0;0,78;2,58;0,78;3,36;0,99;2,37;MISTO
Tefé;Alvarães;130002905000045;8;0;91;23;0;12,28;2,64;22,83;12,28;25,47;37,75;35,11;2,64;MISTO
Tefé;Alvarães;130002905000047;5;0;27;7;18,03;0;13,66;1,54;18,03;15,2;33,24;1,54;31,7;MISTO
Tefé;Alvarães;130002905000048;8;0;78;20;11,63;20,29;13,73;11,29;31,92;25,03;56,95;31,59;25,36;MISTO
Tefé;Alvarães;130002905000049;5;9;39;10;36,21;0;13,71;2,9;36,21;16,6;52,81;2,9;49,92;MISTO
Tefé;Alvarães;130002905000050;8;0;34;9;35,26;12,1;13,73;2,26;47,36;16;63,35;14,36;48,99;MISTO
Tefé;Alvarães;130002905000051;1;0;0;0;0;0;0;0;0;0;0;0;0;TERRESTRE
Tefé;Alvarães;130002905000052;1;0;0;0;0;0;0;0;0;0;0;0;0;TERRESTRE
Tefé;Alvarães;130002905000053;7;5;14;4;13,16;0;0;1,28;13,16;1,28;14,43;1,28;13,16;MISTO
Tefé;Alvarães;130002905000054;8;0;10;3;13,16;14,04;0;1,73;27,2;1,73;28,93;15,77;13,16;MISTO
Tefé;Alvarães;130002905000055;8;5;14;4;25,04;0;0;0,61;25,04;0,61;25,64;0,61;25,04;MISTO
Tefé;Alvarães;130002905000056;8;5;4;1;8,58;0;13,73;0,14;8,58;13,87;22,46;0,14;22,31;MISTO
Tefé;Alvarães;130002905000058;5;5;19;5;0;0;11,42;1,98;0;13,39;13,39;1,98;11,42;TERRESTRE
Tefé;Alvarães;130002905000059;8;5;2;1;5,67;0;0;0,57;5,67;0,57;6,24;0,57;5,67;MISTO
Tefé;Alvarães;130002905000060;8;0;33;8;0,9;23,81;2,92;22,77;24,71;25,69;50,4;46,58;3,82;MISTO
Tefé;Alvarães;130002905000061;7;5;3;1;2,88;0;0;0,57;2,88;0,57;3,45;0,57;2,88;MISTO
Tefé;Alvarães;130002905000062;8;0;49;12;0,67;18,71;4,56;32,13;19,38;36,68;56,07;50,84;5,23;MISTO
Tefé;Alvarães;130002905000063;8;5;2;1;7;0,08;13,77;0,1;7,08;13,86;20,94;0,18;20,77;MISTO
Tefé;Alvarães;130002905000064;8;5;45;11;19,4;0;0;2,26;19,4;2,26;21,65;2,26;19,4;MISTO
Tefé;Alvarães;130002905000065;9;0;2;1;0;0;0;0;0;0;0;0;0;TERRESTRE
Tefé;Fonte Boa;130160505000001;1;0;0;0;0;0;0;0;0;0;0;0;0;TERRESTRE
Tefé;Fonte Boa;130160505000002;2;0;2;1;0;0;0,41;2,52;0;2,93;2,93;2,52;0,41;TERRESTRE
Tefé;Fonte Boa;130160505000003;1;0;0;0;0;0;0;0;0;0;0;0;0;TERRESTRE
Tefé;Fonte Boa;130160505000004;1;0;0;0;0;0;0;0;0;0;0;0;0;TERRESTRE
Tefé;Fonte Boa;130160505000005;1;0;0;0;0;0;0;0;0;0;0;0;0;TERRESTRE
Tefé;Fonte Boa;130160505000006;1;0;0;0;0;0;0;0;0;0;0;0;0;TERRESTRE
Tefé;Fonte Boa;130160505000008;1;0;0;0;0;0;0;0;0;0;0;0;0;TERRESTRE
Tefé;Fonte Boa;130160505000016;8;4;2;1;246,27;0,87;0;0;247,14;0;247,14;0,87;246,27;FLUVIAL
Tefé;Fonte Boa;130160505000017;8;4;2;1;0;0;0;0;0;0;0;0;0;TERRESTRE
Tefé;Fonte Boa;130160505000018;8;0;35;9;92,24;29,34;0;2,83;121,58;2,83;124,41;32,17;92,24;MISTO
Tefé;Fonte Boa;130160505000020;8;0;11;3;64,19;27,4;0;1,19;91,58;1,19;92,78;28,59;64,19;MISTO
Tefé;Fonte Boa;130160505000023;8;0;3;1;155,59;31,31;0;0,94;186,89;0,94;187,84;32,25;155,59;MISTO
Tefé;Fonte Boa;130160505000024;8;4;2;1;0;0;0;0;0;0;0;0;0;TERRESTRE
Tefé;Fonte Boa;130160505000026;8;4;2;1;0;0;0;0;0;0;0;0;0;TERRESTRE
Tefé;Fonte Boa;130160505000027;8;0;27;7;96,38;44,44;0;1,02;140,81;1,02;141,83;45,46;96,38;MISTO
Tefé;Fonte Boa;130160505000029;8;4;2;1;0;0;0;0;0;0;0;0;0;TERRESTRE
Tefé;Fonte Boa;130160505000031;1;0;0;0;0;0;0;0;0;0;0;0;0;TERRESTRE
Tefé;Fonte Boa;130160505000032;1;0;0;0;0;0;0;0;0;0;0;0;0;TERRESTRE
Tefé;Fonte Boa;130160505000033;1;0;0;0;0;0;0;0;0;0;0;0;0;TERRESTRE
Tefé;Fonte Boa;130160505000034;2;5;2;1;0;0;1,35;2,18;0;3,52;3,52;2,18;1,35;TERRESTRE
Tefé;Fonte Boa;130160505000035;1;0;0;0;0;0;0;0;0;0;0;0;0;TERRESTRE
Tefé;Fonte Boa;130160505000037;8;0;2;1;138,78;22,63;0;0;161,41;0;161,41;22,63;138,78;FLUVIAL
Tefé;Fonte Boa;130160505000039;8;5;2;1;135,62;0;0,2;0,24;135,62;0,43;136,05;0,24;135,82;MISTO
Tefé;Fonte Boa;130160505000040;8;5;2;1;136,83;0;0;0,71;136,83;0,71;137,55;0,71;136,83;MISTO
Tefé;Fonte Boa;130160505000041;7;0;13;3;115,1;0;0;0,97;115,1;0,97;116,07;0,97;115,1;MISTO
Tefé;Fonte Boa;130160505000043;1;0;0;0;0;0;0;0;0;0;0;0;0;TERRESTRE
Tefé;Fonte Boa;130160505000044;2;0;2;1;0;0;0;0,7;0;0,7;0,7;0,7;0;TERRESTRE
Tefé;Fonte Boa;130160505000045;1;0;0;0;0;0;0;0;0;0;0;0;0;TERRESTRE
Tefé;Fonte Boa;130160505000046;1;0;0;0;0;0;0;0;0;0;0;0;0;TERRESTRE
Tefé;Fonte Boa;130160505000047;1;0;0;0;0;0;0;0;0;0;0;0;0;TERRESTRE
Tefé;Fonte Boa;130160505000048;8;0;29;7;0;0;2,16;2,59;0;4,75;4,75;2,59;2,16;TERRESTRE
Tefé;Fonte Boa;130160505000049;1;0;0;0;0;0;0;0;0;0;0;0;0;TERRESTRE
Tefé;Fonte Boa;130160505000050;1;0;0;0;0;0;0;0;0;0;0;0;0;TERRESTRE
Tefé;Fonte Boa;130160505000051;1;0;0;0;0;0;0;0;0;0;0;0;0;TERRESTRE
Tefé;Fonte Boa;130160505000052;1;0;0;0;0;0;0;0;0;0;0;0;0;TERRESTRE
Tefé;Fonte Boa;130160505000053;1;0;0;0;0;0;0;0;0;0;0;0;0;TERRESTRE
Tefé;Fonte Boa;130160505000054;8;0;10;3;0;0;1,75;0,7;0;2,44;2,44;0,7;1,75;TERRESTRE
Tefé;Fonte Boa;130160505000055;1;0;0;0;0;0;0;0;0;0;0;0;0;TERRESTRE
Tefé;Fonte Boa;130160505000056;1;0;0;0;0;0;0;0;0;0;0;0;0;TERRESTRE
Tefé;Fonte Boa;130160505000057;1;0;0;0;0;0;0;0;0;0;0;0;0;TERRESTRE
Tefé;Fonte Boa;130160505000058;2;5;2;1;0;0;2,87;2,07;0;4,95;4,95;2,07;2,87;TERRESTRE
Tefé;Fonte Boa;130160505000059;1;0;0;0;0;0;0;0;0;0;0;0;0;TERRESTRE
Tefé;Fonte Boa;130160505000061;1;0;0;0;0;0;0;0;0;0;0;0;0;TERRESTRE
Tefé;Fonte Boa;130160505000062;2;0;2;1;0;0;0,94;0,66;0;1,61;1,61;0,66;0,94;TERRESTRE
Tefé;Fonte Boa;130160505000063;1;0;0;0;0;0;0;0;0;0;0;0;0;TERRESTRE
Tefé;Fonte Boa;130160505000064;5;5;45;11;249,03;0;0;1,63;249,03;1,63;250,65;1,63;249,03;MISTO
Tefé;Fonte Boa;130160505000065;8;0;18;5;0;0;7,08;5,34;0;12,43;12,43;5,34;7,08;TERRESTRE
Tefé;Fonte Boa;130160505000066;8;5;7;2;70,5;0;0;0,51;70,5;0,51;71,01;0,51;70,5;MISTO
Tefé;Fonte Boa;130160505000067;8;5;8;2;4,33;0;0;1,1;4,33;1,1;5,42;1,1;4,33;MISTO
Tefé;Fonte Boa;130160505000068;8;5;10;3;88,6;0,93;0;0,91;89,52;0,91;90,43;1,84;88,6;MISTO
Tefé;Fonte Boa;130160505000069;8;5;5;1;98,9;0;0;0,24;98,9;0,24;99,14;0,24;98,9;MISTO
Tefé;Fonte Boa;130160505000070;8;5;9;2;159,11;0;0;0,23;159,11;0,23;159,34;0,23;159,11;MISTO
Tefé;Fonte Boa;130160505000071;8;5;2;1;0;0;0;0;0;0;0;0;0;TERRESTRE
Tefé;Fonte Boa;130160505000072;8;5;28;7;184,37;0;0;1,07;184,37;1,07;185,44;1,07;184,37;MISTO
Tefé;Fonte Boa;130160505000073;8;5;8;2;125,88;0;0;0,51;125,88;0,51;126,39;0,51;125,88;MISTO
Tefé;Fonte Boa;130160505000074;8;5;2;1;95,57;0;0;0,33;95,57;0,33;95,9;0,33;95,57;MISTO
Tefé;Fonte Boa;130160505000075;8;5;5;1;169,83;0;0;0,42;169,83;0,42;170,25;0,42;169,83;MISTO
Tefé;Fonte Boa;130160505000076;8;5;6;2;135,6;0;0;0,23;135,6;0,23;135,84;0,23;135,6;MISTO
Tefé;Fonte Boa;130160505000077;8;5;4;1;172,16;0;0;0,2;172,16;0,2;172,36;0,2;172,16;MISTO
Tefé;Fonte Boa;130160505000078;8;5;2;1;98,38;0;0;0,57;98,38;0,57;98,96;0,57;98,38;MISTO
Tefé;Fonte Boa;130160505000080;8;5;2;1;7,43;1,62;0;0;9,05;0;9,05;1,62;7,43;FLUVIAL
Tefé;Fonte Boa;130160505000081;8;5;2;1;9,96;0,36;0;0;10,32;0;10,32;0,36;9,96;FLUVIAL
Tefé;Fonte Boa;130160505000084;8;5;5;1;140,26;0;0;0;140,26;0;140,26;0;140,26;FLUVIAL
Tefé;Fonte Boa;130160505000087;2;5;2;1;0;0;2,81;3,69;0;6,5;6,5;3,69;2,81;TERRESTRE
Tefé;Fonte Boa;130160505000088;5;0;25;6;10,63;0;0;1,27;10,63;1,27;11,9;1,27;10,63;MISTO
Tefé;Fonte Boa;130160505000090;5;0;17;4;24,04;0;0;0,89;24,04;0,89;24,93;0,89;24,04;MISTO
Tefé;Fonte Boa;130160505000091;8;0;6;2;36,44;77,12;0;0,56;113,55;0,56;114,11;77,68;36,44;MISTO
Tefé;Fonte Boa;130160505000092;8;5;3;1;82,26;0;0;0,34;82,26;0,34;82,6;0,34;82,26;MISTO
Tefé;Fonte Boa;130160505000093;8;0;23;6;84,5;24,89;0;1,16;109,39;1,16;110,56;26,05;84,5;MISTO
Tefé;Fonte Boa;130160505000094;8;5;2;1;77,44;0;0;0,11;77,44;0,11;77,56;0,11;77,44;MISTO
Tefé;Fonte Boa;130160505000096;8;5;7;2;43,78;0;0;0,56;43,78;0,56;44,34;0,56;43,78;MISTO
Tefé;Fonte Boa;130160505000097;8;0;3;1;28,32;2,69;0;0,45;31,02;0,45;31,47;3,15;28,32;MISTO
Tefé;Fonte Boa;130160505000100;8;5;13;3;201,8;0;0;0,59;201,8;0,59;202,39;0,59;201,8;MISTO
Tefé;Fonte Boa;130160505000102;8;5;19;5;89,23;0;1,46;0,79;89,23;2,25;91,47;0,79;90,68;MISTO
Tefé;Fonte Boa;130160505000105;8;5;4;1;147,68;0;0;2,13;147,68;2,13;149,82;2,13;147,68;MISTO
Tefé;Fonte Boa;130160505000107;8;5;2;1;52,67;0,33;0;0;53;0;53;0,33;52,67;FLUVIAL
Tefé;Fonte Boa;130160505000108;8;0;32;8;43,91;204,3;0;2,73;248,22;2,73;250,95;207,04;43,91;MISTO
Tefé;Fonte Boa;130160505000109;7;5;7;2;150,49;0;0;0,35;150,49;0,35;150,84;0,35;150,49;MISTO
Tefé;Fonte Boa;130160505000110;8;0;5;1;134,78;69,1;0;0,19;203,88;0,19;204,07;69,29;134,78;MISTO
Tefé;Fonte Boa;130160505000111;7;5;7;2;146,69;0;0;0,6;146,69;0,6;147,29;0,6;146,69;MISTO
Tefé;Fonte Boa;130160505000112;8;5;2;1;17,18;0;0;0,69;17,18;0,69;17,86;0,69;17,18;MISTO
Tefé;Fonte Boa;130160505000113;8;5;2;1;5,83;0;0;0,59;5,83;0,59;6,43;0,59;5,83;MISTO
Tefé;Fonte Boa;130160505000114;8;5;2;1;100,46;0;0;0,37;100,46;0,37;100,84;0,37;100,46;MISTO
Tefé;Fonte Boa;130160505000116;8;5;2;1;123,27;0;0;0,22;123,27;0,22;123,49;0,22;123,27;MISTO
Tefé;Fonte Boa;130160505000117;8;0;98;25;0;83,2;15,48;15,14;83,2;30,62;113,83;98,34;15,48;MISTO
Tefé;Fonte Boa;130160505000118;7;5;6;2;34,2;0;0;0,49;34,2;0,49;34,69;0,49;34,2;MISTO
Tefé;Fonte Boa;130160505000119;7;5;2;1;215,94;0;0;0,18;215,94;0,18;216,12;0,18;215,94;MISTO
Tefé;Fonte Boa;130160505000120;8;0;2;1;167,58;65,43;0;0;233,01;0;233,01;65,43;167,58;FLUVIAL
Tefé;Fonte Boa;130160505000121;7;5;4;1;228,5;0;0;0,21;228,5;0,21;228,71;0,21;228,5;MISTO
Tefé;Fonte Boa;130160505000122;8;0;2;1;191,62;19,58;0;0;211,2;0;211,2;19,58;191,62;FLUVIAL
Tefé;Fonte Boa;130160505000123;8;5;2;1;242,61;0;0;0;242,61;0;242,61;0;242,61;FLUVIAL
Tefé;Fonte Boa;130160505000125;8;5;8;2;9,46;0;0,83;0,44;9,46;1,27;10,73;0,44;10,29;MISTO
Tefé;Fonte Boa;130160505000126;7;5;4;1;30,82;0;0;0,26;30,82;0,26;31,09;0,26;30,82;MISTO
Tefé;Fonte Boa;130160505000127;7;5;2;1;58,51;0;0;0;58,51;0;58,51;0;58,51;FLUVIAL
Tefé;Fonte Boa;130160505000129;8;5;3;1;67,31;0;0;0,15;67,31;0,15;67,46;0,15;67,31;MISTO
Tefé;Fonte Boa;130160505000131;8;5;3;1;193,36;0;0;0,45;193,36;0,45;193,8;0,45;193,36;MISTO
Tefé;Fonte Boa;130160505000132;2;4;2;1;0;0;0;0;0;0;0;0;0;TERRESTRE
Tefé;Fonte Boa;130160505000133;1;0;0;0;0;0;0;0;0;0;0;0;0;TERRESTRE
Tefé;Fonte Boa;130160505000134;8;0;95;24;95,17;61,88;13,7;8,68;157,05;22,38;179,44;70,56;108,88;MISTO
Tefé;Fonte Boa;130160505000135;8;5;2;1;102,11;0;0;0,3;102,11;0,3;102,41;0,3;102,11;MISTO
Tefé;Fonte Boa;130160505000136;8;0;22;6;5,25;45,66;0;2,26;50,91;2,26;53,16;47,92;5,25;MISTO
Tefé;Fonte Boa;130160505000137;8;0;3;1;132,23;53,38;0;0,16;185,62;0,16;185,78;53,55;132,23;MISTO
Tefé;Fonte Boa;130160505000138;8;0;5;1;151,34;1,2;0;0,26;152,54;0,26;152,8;1,46;151,34;MISTO
Tefé;Fonte Boa;130160505000139;8;0;85;21;14,29;135,18;0;4,43;149,47;4,43;153,91;139,61;14,29;MISTO
Tefé;Fonte Boa;130160505000140;8;0;2;1;0;0;0;0;0;0;0;0;0;TERRESTRE
Tefé;Fonte Boa;130160505000141;8;5;2;1;238,23;0;0;0,22;238,23;0,22;238,45;0,22;238,23;MISTO
Tefé;Fonte Boa;130160505000142;8;0;14;4;68,32;5,12;0;0,44;73,44;0,44;73,88;5,56;68,32;MISTO
Tefé;Fonte Boa;130160505000143;5;5;6;2;118,05;0;0;0,31;118,05;0,31;118,36;0,31;118,05;MISTO
Tefé;Fonte Boa;130160505000144;8;5;6;2;8,93;0;0;0,89;8,93;0,89;9,82;0,89;8,93;MISTO
Tefé;Fonte Boa;130160505000145;9;0;2;1;0;0;0;0;0;0;0;0;0;TERRESTRE
Tefé;Juruá;130220705000001;1;0;0;0;0;0;0;0;0;0;0;0;0;TERRESTRE
Tefé;Juruá;130220705000002;1;0;0;0;0;0;0;0;0;0;0;0;0;TERRESTRE
Tefé;Juruá;130220705000003;8;0;41;10;13,29;73,5;6,84;2,02;86,78;8,86;95,64;75,51;20,13;MISTO
Tefé;Juruá;130220705000004;8;0;2;1;150,35;42,41;0;1,76;192,76;1,76;194,52;44,17;150,35;MISTO
Tefé;Juruá;130220705000006;8;0;18;5;47,87;60,64;0;0,46;108,51;0,46;108,96;61,09;47,87;MISTO
Tefé;Juruá;130220705000007;8;0;3;1;53,86;72,35;6,6;0,26;126,2;6,86;133,06;72,61;60,45;MISTO
Tefé;Juruá;130220705000008;8;4;2;1;0;0;0;0;0;0;0;0;0;TERRESTRE
Tefé;Juruá;130220705000009;8;4;2;1;0;0;0;0;0;0;0;0;0;TERRESTRE
Tefé;Juruá;130220705000013;8;0;45;11;240,3;130,04;0;5,27;370,35;5,27;375,62;135,32;240,3;MISTO
Tefé;Juruá;130220705000015;8;0;14;4;146,48;51,69;0;0,42;198,17;0,42;198,59;52,11;146,48;MISTO
Tefé;Juruá;130220705000016;8;4;2;1;0;0;0;0;0;0;0;0;0;TERRESTRE
Tefé;Juruá;130220705000017;8;4;2;1;0;0;0;0;0;0;0;0;0;TERRESTRE
Tefé;Juruá;130220705000018;8;0;2;1;0;90,59;0;0,17;90,59;0,17;90,77;90,77;0;MISTO
Tefé;Juruá;130220705000019;8;0;2;1;106,06;30,3;6,6;0,19;136,35;6,79;143,14;30,49;112,66;MISTO
Tefé;Juruá;130220705000020;8;0;10;3;140,73;45,95;6,7;0,5;186,68;7,2;193,87;46,45;147,43;MISTO
Tefé;Juruá;130220705000021;8;0;7;2;0,31;90,22;6,7;0,51;90,53;7,21;97,73;90,73;7,01;MISTO
Tefé;Juruá;130220705000022;8;4;2;1;0;0;0;0;0;0;0;0;0;TERRESTRE
Tefé;Juruá;130220705000023;8;4;2;1;0;0;0;0;0;0;0;0;0;TERRESTRE
Tefé;Juruá;130220705000024;8;4;2;1;0;0;0;0;0;0;0;0;0;TERRESTRE
Tefé;Juruá;130220705000025;8;0;3;1;44,93;100,64;0;0,61;145,57;0,61;146,18;101,25;44,93;MISTO
Tefé;Juruá;130220705000026;8;4;2;1;0;0;0;0;0;0;0;0;0;TERRESTRE
Tefé;Juruá;130220705000027;8;4;2;1;0;0;0;0;0;0;0;0;0;TERRESTRE
Tefé;Juruá;130220705000030;8;0;11;3;86,04;54,65;6,7;0,36;140,68;7,06;147,75;55,01;92,74;MISTO
Tefé;Juruá;130220705000031;8;0;2;1;176,51;0,83;6,7;0;177,34;6,7;184,04;0,83;183,21;MISTO
Tefé;Juruá;130220705000034;1;0;0;0;0;0;0;0;0;0;0;0;0;TERRESTRE
Tefé;Juruá;130220705000035;5;0;48;12;22,95;0;6,69;2,44;22,95;9,13;32,08;2,44;29,63;MISTO
Tefé;Juruá;130220705000036;8;4;2;1;0;0;0;0;0;0;0;0;0;TERRESTRE
Tefé;Juruá;130220705000037;8;0;10;3;33,9;4,54;0;0,71;38,44;0,71;39,15;5,25;33,9;MISTO
Tefé;Juruá;130220705000038;8;0;24;6;2,71;2,45;6,7;1,6;5,16;8,3;13,46;4,05;9,41;MISTO
Tefé;Juruá;130220705000039;8;4;2;1;0;0;0;0;0;0;0;0;0;TERRESTRE
Tefé;Juruá;130220705000040;5;5;13;3;169,36;0;0;0,11;169,36;0,11;169,47;0,11;169,36;MISTO
Tefé;Juruá;130220705000041;7;5;2;1;0;0;0;0;0;0;0;0;0;TERRESTRE
Tefé;Juruá;130220705000042;7;5;2;1;0;0;0;0;0;0;0;0;0;TERRESTRE
Tefé;Juruá;130220705000043;7;5;2;1;157,88;0;0;0,19;157,88;0,19;158,08;0,19;157,88;MISTO
Tefé;Juruá;130220705000044;7;5;4;1;157,98;0;0;0,19;157,98;0,19;158,16;0,19;157,98;MISTO
Tefé;Juruá;130220705000045;5;5;9;2;196,03;0;0;0,5;196,03;0,5;196,53;0,5;196,03;MISTO
Tefé;Juruá;130220705000046;8;0;3;1;30,25;9,5;6,7;0,44;39,75;7,14;46,88;9,94;36,95;MISTO
Tefé;Juruá;130220705000047;1;0;0;0;0;0;0;0;0;0;0;0;0;TERRESTRE
Tefé;Juruá;130220705000048;1;0;0;0;0;0;0;0;0;0;0;0;0;TERRESTRE
Tefé;Juruá;130220705000049;2;0;19;5;0;0;0,5;0,26;0;0,76;0,76;0,26;0,5;TERRESTRE
Tefé;Juruá;130220705000050;1;0;0;0;0;0;0;0;0;0;0;0;0;TERRESTRE
Tefé;Juruá;130220705000051;1;0;0;0;0;0;0;0;0;0;0;0;0;TERRESTRE
Tefé;Juruá;130220705000052;1;0;0;0;0;0;0;0;0;0;0;0;0;TERRESTRE
Tefé;Juruá;130220705000053;2;0;2;1;0;0;1,08;2,38;0;3,46;3,46;2,38;1,08;TERRESTRE
Tefé;Juruá;130220705000055;8;5;17;4;176,22;0;0;0,27;176,22;0,27;176,49;0,27;176,22;MISTO
Tefé;Juruá;130220705000058;8;5;64;16;212,43;0,57;0;0,71;212,99;0,71;213,7;1,27;212,43;MISTO
Tefé;Juruá;130220705000059;8;5;15;4;132,53;0;0;0,25;132,53;0,25;132,78;0,25;132,53;MISTO
Tefé;Juruá;130220705000060;8;5;10;3;166,38;0;0;0,09;166,38;0,09;166,47;0,09;166,38;MISTO
Tefé;Juruá;130220705000061;8;5;2;1;110,81;0;0;0,1;110,81;0,1;110,91;0,1;110,81;MISTO
Tefé;Juruá;130220705000062;8;4;2;1;0;0;0;0;0;0;0;0;0;TERRESTRE
Tefé;Juruá;130220705000063;8;5;2;1;154,89;0;0;0,74;154,89;0,74;155,62;0,74;154,89;MISTO
Tefé;Juruá;130220705000064;8;0;12;3;28,64;153,43;0;0,64;182,07;0,64;182,71;154,07;28,64;MISTO
Tefé;Juruá;130220705000065;8;0;36;9;0;13,54;2;4,92;13,54;6,91;20,45;18,45;2;MISTO
Tefé;Juruá;130220705000066;8;0;187;47;0,97;12,75;2,04;23,1;13,72;25,14;38,87;35,85;3,01;MISTO
Tefé;Juruá;130220705000069;8;5;6;2;12,33;0;6,69;0,3;12,33;6,99;19,32;0,3;19,02;MISTO
Tefé;Juruá;130220705000070;8;4;2;1;0;0;0;0;0;0;0;0;0;TERRESTRE
Tefé;Juruá;130220705000071;8;4;2;1;0;0;0;0;0;0;0;0;0;TERRESTRE
Tefé;Juruá;130220705000072;8;5;7;2;211,61;0;0;0;211,61;0;211,61;0;211,61;FLUVIAL
Tefé;Juruá;130220705000074;7;5;5;1;124,79;0;0;0,11;124,79;0,11;124,9;0,11;124,79;MISTO
Tefé;Juruá;130220705000075;8;0;48;12;76,28;256,02;0;1,48;332,31;1,48;333,79;257,51;76,28;MISTO
Tefé;Juruá;130220705000076;7;5;2;1;202,33;0;0;0,2;202,33;0,2;202,53;0,2;202,33;MISTO
Tefé;Juruá;130220705000077;2;0;7;2;0;0;0,32;3,05;0;3,38;3,38;3,05;0,32;TERRESTRE
Tefé;Juruá;130220705000078;1;0;0;0;0;0;0;0;0;0;0;0;0;TERRESTRE
Tefé;Juruá;130220705000079;8;4;2;1;0;0;0;0;0;0;0;0;0;TERRESTRE
Tefé;Juruá;130220705000080;8;0;16;4;195,57;65,65;0;0,92;261,22;0,92;262,14;66,58;195,57;MISTO
Tefé;Juruá;130220705000081;2;0;2;1;0;0;0;1,44;0;1,44;1,44;1,44;0;TERRESTRE
Tefé;Juruá;130220705000082;1;0;0;0;0;0;0;0;0;0;0;0;0;TERRESTRE
Tefé;Juruá;130220705000083;5;0;87;22;230,92;0;0;3,47;230,92;3,47;234,39;3,47;230,92;MISTO
Tefé;Juruá;130220705000084;9;0;2;1;0;0;0;0;0;0;0;0;0;TERRESTRE
Tefé;Tefé;130420305000001;1;0;0;0;0;0;0;0;0;0;0;0;0;TERRESTRE
Tefé;Tefé;130420305000002;1;0;0;0;0;0;0;0;0;0;0;0;0;TERRESTRE
Tefé;Tefé;130420305000003;1;0;0;0;0;0;0;0;0;0;0;0;0;TERRESTRE
Tefé;Tefé;130420305000004;1;1;0;0;0;0;0;0;0;0;0;0;0;TERRESTRE
Tefé;Tefé;130420305000005;1;0;0;0;0;0;0;0;0;0;0;0;0;TERRESTRE
Tefé;Tefé;130420305000006;1;0;0;0;0;0;0;0;0;0;0;0;0;TERRESTRE
Tefé;Tefé;130420305000007;1;1;0;0;0;0;0;0;0;0;0;0;0;TERRESTRE
Tefé;Tefé;130420305000008;1;0;0;0;0;0;0;0;0;0;0;0;0;TERRESTRE
Tefé;Tefé;130420305000009;1;0;0;0;0;0;0;0;0;0;0;0;0;TERRESTRE
Tefé;Tefé;130420305000010;1;0;0;0;0;0;0;0;0;0;0;0;0;TERRESTRE
Tefé;Tefé;130420305000011;1;0;0;0;0;0;0;0;0;0;0;0;0;TERRESTRE
Tefé;Tefé;130420305000012;1;0;0;0;0;0;0;0;0;0;0;0;0;TERRESTRE
Tefé;Tefé;130420305000014;1;0;0;0;0;0;0;0;0;0;0;0;0;TERRESTRE
Tefé;Tefé;130420305000015;1;0;0;0;0;0;0;0;0;0;0;0;0;TERRESTRE
Tefé;Tefé;130420305000016;1;0;0;0;0;0;0;0;0;0;0;0;0;TERRESTRE
Tefé;Tefé;130420305000017;2;0;2;1;0;0;1,73;2,63;0;4,36;4,36;2,63;1,73;TERRESTRE
Tefé;Tefé;130420305000018;1;0;0;0;0;0;0;0;0;0;0;0;0;TERRESTRE
Tefé;Tefé;130420305000019;1;0;0;0;0;0;0;0;0;0;0;0;0;TERRESTRE
Tefé;Tefé;130420305000020;1;1;0;0;0;0;0;0;0;0;0;0;0;TERRESTRE
Tefé;Tefé;130420305000021;1;0;0;0;0;0;0;0;0;0;0;0;0;TERRESTRE
Tefé;Tefé;130420305000022;1;1;0;0;0;0;0;0;0;0;0;0;0;TERRESTRE
Tefé;Tefé;130420305000023;1;0;0;0;0;0;0;0;0;0;0;0;0;TERRESTRE
Tefé;Tefé;130420305000024;1;0;0;0;0;0;0;0;0;0;0;0;0;TERRESTRE
Tefé;Tefé;130420305000026;1;0;0;0;0;0;0;0;0;0;0;0;0;TERRESTRE
Tefé;Tefé;130420305000027;1;0;0;0;0;0;0;0;0;0;0;0;0;TERRESTRE
Tefé;Tefé;130420305000028;1;0;0;0;0;0;0;0;0;0;0;0;0;TERRESTRE
Tefé;Tefé;130420305000029;1;0;0;0;0;0;0;0;0;0;0;0;0;TERRESTRE
Tefé;Tefé;130420305000031;1;0;0;0;0;0;0;0;0;0;0;0;0;TERRESTRE
Tefé;Tefé;130420305000032;1;0;0;0;0;0;0;0;0;0;0;0;0;TERRESTRE
Tefé;Tefé;130420305000033;1;0;0;0;0;0;0;0;0;0;0;0;0;TERRESTRE
Tefé;Tefé;130420305000038;5;0;17;4;8;0;0;2,3;8;2,3;10,31;2,3;8;MISTO
Tefé;Tefé;130420305000039;8;4;2;1;0;0;0;0;0;0;0;0;0;TERRESTRE
Tefé;Tefé;130420305000041;5;0;36;9;15,84;0;0;3,7;15,84;3,7;19,54;3,7;15,84;MISTO
Tefé;Tefé;130420305000043;8;0;14;4;92,41;34,31;0;1,75;126,72;1,75;128,47;36,06;92,41;MISTO
Tefé;Tefé;130420305000044;8;4;2;1;0;0;0;0;0;0;0;0;0;TERRESTRE
Tefé;Tefé;130420305000046;8;0;22;6;209,61;84;0;1,23;293,61;1,23;294,84;85,23;209,61;MISTO
Tefé;Tefé;130420305000047;8;4;2;1;0;0;0;0;0;0;0;0;0;TERRESTRE
Tefé;Tefé;130420305000048;3;5;0;0;44,19;1,64;0;1,78;45,83;1,78;47,61;3,42;44,19;MISTO
Tefé;Tefé;130420305000049;3;5;0;0;44,87;0;0;1,84;44,87;1,84;46,71;1,84;44,87;MISTO
Tefé;Tefé;130420305000050;8;0;5;1;60,22;46,59;0;2,82;106,82;2,82;109,64;49,42;60,22;MISTO
Tefé;Tefé;130420305000051;8;0;2;1;227,05;35,58;0;0,63;262,63;0,63;263,25;36,2;227,05;MISTO
Tefé;Tefé;130420305000053;8;0;62;16;74,53;71,14;0;4,33;145,67;4,33;150;75,47;74,53;MISTO
Tefé;Tefé;130420305000054;8;4;2;1;0;0;0;0;0;0;0;0;0;TERRESTRE
Tefé;Tefé;130420305000055;8;4;2;1;0;0;0;0;0;0;0;0;0;TERRESTRE
Tefé;Tefé;130420305000056;8;0;6;2;129,23;43,01;0;0,51;172,24;0,51;172,74;43,51;129,23;MISTO
Tefé;Tefé;130420305000057;8;0;5;1;184,25;39,01;0;0,17;223,26;0,17;223,43;39,18;184,25;MISTO
Tefé;Tefé;130420305000058;8;4;2;1;0;0;0;0;0;0;0;0;0;TERRESTRE
Tefé;Tefé;130420305000059;8;4;2;1;0;0;0;0;0;0;0;0;0;TERRESTRE
Tefé;Tefé;130420305000060;8;4;2;1;0;0;0;0;0;0;0;0;0;TERRESTRE
Tefé;Tefé;130420305000061;8;4;2;1;0;0;0;0;0;0;0;0;0;TERRESTRE
Tefé;Tefé;130420305000062;8;4;2;1;0;0;0;0;0;0;0;0;0;TERRESTRE
Tefé;Tefé;130420305000063;8;4;2;1;0;0;0;0;0;0;0;0;0;TERRESTRE
Tefé;Tefé;130420305000064;8;4;2;1;0;0;0;0;0;0;0;0;0;TERRESTRE
Tefé;Tefé;130420305000065;8;4;2;1;0;0;0;0;0;0;0;0;0;TERRESTRE
Tefé;Tefé;130420305000066;8;4;2;1;0;0;0;0;0;0;0;0;0;TERRESTRE
Tefé;Tefé;130420305000067;8;4;2;1;0;0;0;0;0;0;0;0;0;TERRESTRE
Tefé;Tefé;130420305000068;8;4;2;1;0;0;0;0;0;0;0;0;0;TERRESTRE
Tefé;Tefé;130420305000069;8;0;54;14;88,37;68,55;0;4,13;156,92;4,13;161,06;72,69;88,37;MISTO
Tefé;Tefé;130420305000072;8;0;35;9;0;0;13,42;25,04;0;38,46;38,46;25,04;13,42;TERRESTRE
Tefé;Tefé;130420305000074;8;0;36;9;45,62;34,1;0;3,19;79,72;3,19;82,91;37,29;45,62;MISTO
Tefé;Tefé;130420305000075;5;0;56;14;63,26;0;0;2,35;63,26;2,35;65,6;2,35;63,26;MISTO
Tefé;Tefé;130420305000079;1;1;0;0;0;0;0;0;0;0;0;0;0;TERRESTRE
Tefé;Tefé;130420305000080;1;1;0;0;0;0;0;0;0;0;0;0;0;TERRESTRE
Tefé;Tefé;130420305000081;1;1;0;0;0;0;0;0;0;0;0;0;0;TERRESTRE
Tefé;Tefé;130420305000082;1;1;0;0;0;0;0;0;0;0;0;0;0;TERRESTRE
Tefé;Tefé;130420305000083;1;0;0;0;0;0;0;0;0;0;0;0;0;TERRESTRE
Tefé;Tefé;130420305000084;1;1;0;0;0;0;0;0;0;0;0;0;0;TERRESTRE
Tefé;Tefé;130420305000085;1;1;0;0;0;0;0;0;0;0;0;0;0;TERRESTRE
Tefé;Tefé;130420305000086;2;0;2;1;0;0;2,01;1,46;0;3,47;3,47;1,46;2,01;TERRESTRE
Tefé;Tefé;130420305000088;1;1;0;0;0;0;0;0;0;0;0;0;0;TERRESTRE
Tefé;Tefé;130420305000089;1;0;0;0;0;0;0;0;0;0;0;0;0;TERRESTRE
Tefé;Tefé;130420305000090;1;1;0;0;0;0;0;0;0;0;0;0;0;TERRESTRE
Tefé;Tefé;130420305000091;1;1;0;0;0;0;0;0;0;0;0;0;0;TERRESTRE
Tefé;Tefé;130420305000092;1;1;0;0;0;0;0;0;0;0;0;0;0;TERRESTRE
Tefé;Tefé;130420305000093;1;0;0;0;0;0;0;0;0;0;0;0;0;TERRESTRE
Tefé;Tefé;130420305000094;8;5;45;11;13,41;0;0;1,15;13,41;1,15;14,55;1,15;13,41;MISTO
Tefé;Tefé;130420305000095;8;5;28;7;11,66;0;0;1,49;11,66;1,49;13,14;1,49;11,66;MISTO
Tefé;Tefé;130420305000096;8;5;20;5;12,51;0;0;1,48;12,51;1,48;13,99;1,48;12,51;MISTO
Tefé;Tefé;130420305000097;8;5;44;11;10,98;0;0;1,44;10,98;1,44;12,41;1,44;10,98;MISTO
Tefé;Tefé;130420305000098;1;0;0;0;0;0;0;0;0;0;0;0;0;TERRESTRE
Tefé;Tefé;130420305000099;1;0;0;0;0;0;0;0;0;0;0;0;0;TERRESTRE
Tefé;Tefé;130420305000100;1;0;0;0;0;0;0;0;0;0;0;0;0;TERRESTRE
Tefé;Tefé;130420305000101;1;0;0;0;0;0;0;0;0;0;0;0;0;TERRESTRE
Tefé;Tefé;130420305000102;1;1;0;0;0;0;0;0;0;0;0;0;0;TERRESTRE
Tefé;Tefé;130420305000103;1;0;0;0;0;0;0;0;0;0;0;0;0;TERRESTRE
Tefé;Tefé;130420305000104;1;0;0;0;0;0;0;0;0;0;0;0;0;TERRESTRE
Tefé;Tefé;130420305000105;1;0;0;0;0;0;0;0;0;0;0;0;0;TERRESTRE
Tefé;Tefé;130420305000106;1;0;0;0;0;0;0;0;0;0;0;0;0;TERRESTRE
Tefé;Tefé;130420305000107;1;0;0;0;0;0;0;0;0;0;0;0;0;TERRESTRE
Tefé;Tefé;130420305000108;1;0;0;0;0;0;0;0;0;0;0;0;0;TERRESTRE
Tefé;Tefé;130420305000109;1;0;0;0;0;0;0;0;0;0;0;0;0;TERRESTRE
Tefé;Tefé;130420305000110;2;0;2;1;0;0;2,29;2,83;0;5,12;5,12;2,83;2,29;TERRESTRE
Tefé;Tefé;130420305000111;1;0;0;0;0;0;0;0;0;0;0;0;0;TERRESTRE
Tefé;Tefé;130420305000112;1;0;0;0;0;0;0;0;0;0;0;0;0;TERRESTRE
Tefé;Tefé;130420305000113;1;0;0;0;0;0;0;0;0;0;0;0;0;TERRESTRE
Tefé;Tefé;130420305000114;2;0;2;1;0;0;2,59;8,53;0;11,12;11,12;8,53;2,59;TERRESTRE
Tefé;Tefé;130420305000115;1;1;0;0;0;0;0;0;0;0;0;0;0;TERRESTRE
Tefé;Tefé;130420305000116;1;1;0;0;0;0;0;0;0;0;0;0;0;TERRESTRE
Tefé;Tefé;130420305000117;1;1;0;0;0;0;0;0;0;0;0;0;0;TERRESTRE
Tefé;Tefé;130420305000118;1;1;0;0;0;0;0;0;0;0;0;0;0;TERRESTRE
Tefé;Tefé;130420305000119;1;0;0;0;0;0;0;0;0;0;0;0;0;TERRESTRE
Tefé;Tefé;130420305000121;1;1;0;0;0;0;0;0;0;0;0;0;0;TERRESTRE
Tefé;Tefé;130420305000122;1;1;0;0;0;0;0;0;0;0;0;0;0;TERRESTRE
Tefé;Tefé;130420305000123;1;0;0;0;0;0;0;0;0;0;0;0;0;TERRESTRE
Tefé;Tefé;130420305000125;1;1;0;0;0;0;0;0;0;0;0;0;0;TERRESTRE
Tefé;Tefé;130420305000127;5;8;61;15;0;0;15,35;2,01;0;17,36;17,36;2,01;15,35;TERRESTRE
Tefé;Tefé;130420305000128;5;8;11;3;0;0;11,77;3,8;0;15,57;15,57;3,8;11,77;TERRESTRE
Tefé;Tefé;130420305000129;5;0;26;7;0;0;13,63;1,66;0;15,29;15,29;1,66;13,63;TERRESTRE
Tefé;Tefé;130420305000130;5;5;11;3;0;0;22,73;2,99;0;25,72;25,72;2,99;22,73;TERRESTRE
Tefé;Tefé;130420305000131;5;0;6;2;0;0;19,78;3,7;0;23,47;23,47;3,7;19,78;TERRESTRE
Tefé;Tefé;130420305000133;5;5;14;4;0;0;23,56;2,2;0;25,76;25,76;2,2;23,56;TERRESTRE
Tefé;Tefé;130420305000134;5;0;34;9;59,72;0,77;0;1,43;60,5;1,43;61,93;2,2;59,72;MISTO
Tefé;Tefé;130420305000135;5;0;28;7;66,49;0;0;1,44;66,49;1,44;67,94;1,44;66,49;MISTO
Tefé;Tefé;130420305000137;8;5;17;4;64,59;0;0,11;0,75;64,59;0,86;65,45;0,75;64,7;MISTO
Tefé;Tefé;130420305000138;8;5;7;2;22,21;0;0;0,58;22,21;0,58;22,8;0,58;22,21;MISTO
Tefé;Tefé;130420305000139;8;5;13;3;19,35;0;0;1;19,35;1;20,35;1;19,35;MISTO
Tefé;Tefé;130420305000140;8;5;8;2;33,91;0;0;0,46;33,91;0,46;34,37;0,46;33,91;MISTO
Tefé;Tefé;130420305000141;8;5;12;3;109,28;0;0;0,69;109,28;0,69;109,97;0,69;109,28;MISTO
Tefé;Tefé;130420305000142;8;5;3;1;13,95;0;0;0,99;13,95;0,99;14,94;0,99;13,95;MISTO
Tefé;Tefé;130420305000143;8;5;2;1;12,7;0;0;1,16;12,7;1,16;13,85;1,16;12,7;MISTO
Tefé;Tefé;130420305000144;8;5;18;5;13,98;0;1,04;1,31;13,98;2,35;16,33;1,31;15,02;MISTO
Tefé;Tefé;130420305000145;3;5;0;0;44,84;0;0,38;1,57;44,84;1,95;46,79;1,57;45,22;MISTO
Tefé;Tefé;130420305000146;3;5;0;0;44,62;0;0,41;2,99;44,62;3,4;48,01;2,99;45,02;MISTO
Tefé;Tefé;130420305000147;5;5;32;8;0;0;19,49;1,73;0;21,22;21,22;1,73;19,49;TERRESTRE
Tefé;Tefé;130420305000148;1;1;0;0;0;0;0;0;0;0;0;0;0;TERRESTRE
Tefé;Tefé;130420305000149;1;1;0;0;0;0;0;0;0;0;0;0;0;TERRESTRE
Tefé;Tefé;130420305000150;1;1;0;0;0;0;0;0;0;0;0;0;0;TERRESTRE
Tefé;Tefé;130420305000151;1;1;0;0;0;0;0;0;0;0;0;0;0;TERRESTRE
Tefé;Tefé;130420305000152;1;0;0;0;0;0;0;0;0;0;0;0;0;TERRESTRE
Tefé;Tefé;130420305000153;8;5;6;2;103,52;0;0,52;0,2;103,52;0,72;104,25;0,2;104,05;MISTO
Tefé;Tefé;130420305000156;5;0;21;5;60,27;0;0;1,27;60,27;1,27;61,55;1,27;60,27;MISTO
Tefé;Tefé;130420305000157;8;0;41;10;58,93;10,75;0;2,7;69,68;2,7;72,37;13,44;58,93;MISTO
Tefé;Tefé;130420305000158;9;0;2;1;0;0,83;0,6;0;0,83;0,6;1,42;0,83;0,6;MISTO
Tefé;Tefé;130420305000159;8;0;59;15;0;23,06;0;7,1;23,06;7,1;30,16;30,16;0;MISTO
Tefé;Tefé;130420305000160;5;0;27;7;10,69;0;0;2,27;10,69;2,27;12,95;2,27;10,69;MISTO
Tefé;Tefé;130420305000161;1;0;0;0;0;0;0;0;0;0;0;0;0;TERRESTRE
Tefé;Tefé;130420305000162;1;0;0;0;0;0;0;0;0;0;0;0;0;TERRESTRE
Tefé;Tefé;130420305000163;1;0;0;0;0;0;0;0;0;0;0;0;0;TERRESTRE
Tefé;Tefé;130420305000164;9;0;2;1;0;0;0;0;0;0;0;0;0;TERRESTRE
Tefé;Tefé;130420305000165;2;4;2;1;0;0;2,2;0,2;0;2,39;2,39;0,2;2,2;TERRESTRE
Tefé;Tefé;130420305000166;8;5;11;3;38;0,18;0;0,72;38,18;0,72;38,9;0,9;38;MISTO
Tefé;Tefé;130420305000168;8;5;18;5;91,21;0;0;0,37;91,21;0,37;91,58;0,37;91,21;MISTO
Tefé;Tefé;130420305000169;9;0;2;1;0;0;0;0;0;0;0;0;0;TERRESTRE
Tefé;Tefé;130420305000170;8;0;48;12;87,95;135,54;0;3,07;223,49;3,07;226,56;138,61;87,95;MISTO
Tefé;Tefé;130420305000172;2;0;2;1;0;0;2,22;2,21;0;4,44;4,44;2,21;2,22;TERRESTRE
Tefé;Tefé;130420305000173;8;5;5;1;14,99;0;0;0,35;14,99;0,35;15,34;0,35;14,99;MISTO
Tefé;Tefé;130420305000174;8;5;6;2;10,62;0;0;0,28;10,62;0,28;10,9;0,28;10,62;MISTO
Tefé;Tefé;130420305000175;8;0;55;14;3,99;10,18;4;34,87;14,17;38,87;53,04;45,05;7,99;MISTO
Tefé;Tefé;130420305000178;8;0;86;22;53,95;77,22;0;5,27;131,16;5,27;136,44;82,49;53,95;MISTO
Tefé;Tefé;130420305000179;7;5;19;5;55,52;0;0;0,77;55,52;0,77;56,29;0,77;55,52;MISTO
Tefé;Tefé;130420305000180;7;5;2;1;35,58;0;0;0,51;35,58;0,51;36,09;0,51;35,58;MISTO
Tefé;Tefé;130420305000181;8;5;2;1;0;0;16,32;0,41;0;16,74;16,74;0,41;16,32;TERRESTRE
Tefé;Tefé;130420305000182;8;0;126;32;74,14;51,43;9,95;66,45;125,58;76,4;201,97;117,88;84,09;MISTO
Tefé;Tefé;130420305000183;7;5;10;3;19,51;0;0;0,62;19,51;0,62;20,12;0,62;19,51;MISTO
Tefé;Tefé;130420305000184;7;5;18;5;68,11;0;0,22;0,8;68,11;1,02;69,13;0,8;68,34;MISTO
Tefé;Tefé;130420305000185;7;5;11;3;40,46;0,09;0;0,56;40,56;0,56;41,12;0,66;40,46;MISTO
Tefé;Tefé;130420305000186;8;5;2;1;45,32;0,12;0;0,21;45,44;0,21;45,64;0,33;45,32;MISTO
Tefé;Tefé;130420305000187;8;0;94;24;25,33;77,06;28,75;18,9;102,39;47,66;150,05;95,97;54,08;MISTO
Tefé;Tefé;130420305000188;7;5;2;1;43,61;0;0;0,42;43,61;0,42;44,03;0,42;43,61;MISTO
Tefé;Tefé;130420305000190;8;5;2;1;16,67;0;0;0,24;16,67;0,24;16,91;0,24;16,67;MISTO
Tefé;Tefé;130420305000191;8;5;2;1;0;0;5,99;1,32;0;7,3;7,3;1,32;5,99;TERRESTRE
Tefé;Tefé;130420305000192;8;5;2;1;0;0;5,37;0,99;0;6,36;6,36;0,99;5,37;TERRESTRE
Tefé;Tefé;130420305000193;8;5;2;1;0;0;4,52;0,15;0;4,67;4,67;0,15;4,52;TERRESTRE
Tefé;Tefé;130420305000194;8;5;2;1;0;0;9,79;0,32;0;10,11;10,11;0,32;9,79;TERRESTRE
Tefé;Tefé;130420305000195;8;0;44;11;0;0;3,17;33,68;0;36,86;36,86;33,68;3,17;TERRESTRE
Tefé;Tefé;130420305000196;8;5;2;1;0;0;9,52;0,34;0;9,86;9,86;0,34;9,52;TERRESTRE
Tefé;Tefé;130420305000197;5;0;2;1;0;0;0;0;0;0;0;0;0;TERRESTRE
Tefé;Tefé;130420305000198;5;5;36;9;59,73;0;0;0,75;59,73;0,75;60,48;0,75;59,73;MISTO
Tefé;Tefé;130420305000199;1;0;0;0;0;0;0;0;0;0;0;0;0;TERRESTRE
Tefé;Tefé;130420305000200;8;5;2;1;0;0;1,6;0,56;0;2,17;2,17;0,56;1,6;TERRESTRE
Tefé;Tefé;130420305000201;8;0;88;22;3,6;16,12;4,18;44,57;19,73;48,75;68,47;60,69;7,78;MISTO
Tefé;Tefé;130420305000202;8;5;6;2;13,75;0;2,54;0,88;13,75;3,42;17,17;0,88;16,29;MISTO
Tefé;Tefé;130420305000203;8;0;3;1;10,46;3,41;6,87;4,16;13,86;11,03;24,89;7,56;17,33;MISTO
Tefé;Tefé;130420305000204;8;0;107;27;12,75;81,1;0;10,73;93,85;10,73;104,58;91,83;12,75;MISTO
Tefé;Tefé;130420305000205;5;5;43;11;20,64;0;0;1,22;20,64;1,22;21,86;1,22;20,64;MISTO
Tefé;Tefé;130420305000206;9;0;2;1;0;0;0;0;0;0;0;0;0;TERRESTRE
